,dt,pEKS,sEKS,dp5,kv5,N
0,0.0001220703125,0.07594442367553711,17.1231906414032,8.265774250030518,80.69023251533508,81920.0
